Feature,Mean SHAP Value
elevation,0.005583455604831104
temperature_2m_max,0.018190236365351897
temperature_2m_min,0.011014922921777581
temperature_2m_mean,0.0602194016559726
precipitation_sum,0.008029902458010971
latitude,0.0059823488708562085
longitude,0.0025879102582248127
day,0.07562861673979364
