Variable,Mean,Min,Max
elevation,86.59421971044885,0.0,784.0
temperature_2m_max,26.575995525445116,5.322999954223633,38.92449951171875
temperature_2m_min,19.962885639943757,0.31550002098083496,31.351999282836914
temperature_2m_mean,22.924133774650933,3.908416509628296,33.229087829589844
precipitation_sum,5.814693474035524,0.0,291.6999816894531
latitude,24.361420649757708,22.03722,26.22512
longitude,120.98658721425049,118.1701,121.9215
day,182.6362942077387,1.0,365.0
