Feature,Mean SHAP Value
elevation,0.032019032838869026
temperature_2m_max,0.025629976256868362
temperature_2m_min,0.011366861022061208
temperature_2m_mean,0.09222938520780821
precipitation_sum,0.017408006430563203
latitude,0.0036228983692800005
longitude,0.004692684918211064
day,0.20080887608993842
