Variable,Mean,Min,Max
elevation,62.42543903329682,4.0,442.0
temperature_2m_max,27.997152791002517,8.9399995803833,39.14500045776367
temperature_2m_min,20.44420993882529,3.8984999656677246,28.86600112915039
temperature_2m_mean,23.79405289834759,6.633582592010498,31.965829849243164
precipitation_sum,5.397505252811004,0.0,294.5
latitude,23.2636939357494,21.94334,25.08801
longitude,120.45416113814801,120.1743,121.5921
day,183.06458520067721,1.0,366.0
