Variable,Mean,Min,Max
elevation,128.16666666666666,0.0,430.0
temperature_2m_max,27.380047368829583,8.382499694824219,35.43600082397461
temperature_2m_min,19.580279567615147,2.9674999713897705,27.972000122070312
temperature_2m_mean,22.995291999346136,6.026249408721924,30.636579513549805
precipitation_sum,5.989990893098609,0.0,175.89999389648438
latitude,24.143251728613276,24.009361032654027,24.27295139777296
longitude,120.63754355549356,120.50493876243496,120.7937072856452
day,183.49726775956285,1.0,365.0
