Variable,Mean,Min,Max
elevation,180.53333333333333,31.0,549.0
temperature_2m_max,27.16352267065552,8.278499603271484,34.69099807739258
temperature_2m_min,19.413513590468735,4.210000038146973,26.791000366210938
temperature_2m_mean,22.748643451136534,5.922250270843506,29.878501892089844
precipitation_sum,6.460537322437584,0.0,175.89999389648438
latitude,24.194669281571198,24.107808192631214,24.290802142482708
longitude,120.69779047224101,120.6091979675789,120.79354419090627
day,183.49726775956285,1.0,365.0
