Variable,Mean,Min,Max
elevation,409.8333333333333,15.0,1118.0
temperature_2m_max,24.010115620781598,2.7074997425079346,37.6254997253418
temperature_2m_min,18.041959946967648,-0.49250006675720215,28.525501251220703
temperature_2m_mean,20.710486393786955,0.7887499332427979,32.51091384887695
precipitation_sum,8.64626593224175,0.0,303.6000061035156
latitude,24.901866888781537,24.802351605657645,24.99415501353729
longitude,121.58574036466898,121.51575842161796,121.6933465773976
day,183.49726775956285,1.0,365.0
