Variable,Mean,Min,Max
elevation,347.1333333333333,9.0,1394.0
temperature_2m_max,24.628939489653852,0.19700002670288086,37.63850021362305
temperature_2m_min,18.573921285216816,-2.503000020980835,28.53849983215332
temperature_2m_mean,21.276880763570198,-1.3738332986831665,32.5239143371582
precipitation_sum,7.35024592608607,0.0,303.6000061035156
latitude,24.957639455418434,24.811084340181328,25.09809810082953
longitude,121.56675410018346,121.401245911512,121.69940192856951
day,183.49726775956285,1.0,365.0
