Variable,Mean,Min,Max
elevation,36.9,6.0,128.0
temperature_2m_max,29.252978282765177,14.074999809265137,37.144996643066406
temperature_2m_min,21.178734143488178,8.464499473571777,28.531999588012695
temperature_2m_mean,24.769099476906337,11.135416984558105,30.942415237426758
precipitation_sum,7.655145738143576,0.0,374.5000305175781
latitude,22.694303404444973,22.53115521446825,22.792041476025748
longitude,120.44504921048822,120.31340795561276,120.54765709538054
day,183.49726775956285,1.0,365.0
