Variable,Mean,Min,Max
elevation,47.96666666666667,11.0,225.0
temperature_2m_max,29.15842808122409,13.444499969482422,36.459999084472656
temperature_2m_min,21.127617490617304,7.994499683380127,28.583999633789062
temperature_2m_mean,24.69105724993082,10.504918098449707,30.994417190551758
precipitation_sum,7.717122053185339,0.0,374.5000305175781
latitude,22.69297044806266,22.603715181296828,22.798749904433336
longitude,120.42740815219767,120.30648228973898,120.49589857510738
day,183.49726775956285,1.0,365.0
