{
    "GLM": 0.1,
    "LDA": 0.15000000000000002,
    "NN": 0.1,
    "SVM": 0.5500000000000002,
    "RF": 0.1
}