{
    "Accuracy": 0.9106505944517833,
    "MCC": 0.13053098447073203,
    "Best Threshold": 0.0,
    "Confusion Matrix": {
        "Actual 0": {
            "Predicted 0": 55015,
            "Predicted 1": 5379
        },
        "Actual 1": {
            "Predicted 0": 32,
            "Predicted 1": 134
        }
    }
}