{
    "Accuracy": 0.9907364597093792,
    "MCC": 0.04869412141913541,
    "Best Threshold": 0.0,
    "Confusion Matrix": {
        "Actual 0": {
            "Predicted 0": 59985,
            "Predicted 1": 409
        },
        "Actual 1": {
            "Predicted 0": 152,
            "Predicted 1": 14
        }
    }
}