{
    "Accuracy": 0.9906869220607661,
    "MCC": 0.04849249548231711,
    "Best Threshold": 0.0,
    "Confusion Matrix": {
        "Actual 0": {
            "Predicted 0": 59982,
            "Predicted 1": 412
        },
        "Actual 1": {
            "Predicted 0": 152,
            "Predicted 1": 14
        }
    }
}