{
    "Accuracy": 0.5728643216080402,
    "MCC": 0.3834650978973968,
    "Confusion Matrix": {
        "Actual 0": {
            "Predicted 0": 260,
            "Predicted 1": 336
        },
        "Actual 1": {
            "Predicted 0": 4,
            "Predicted 1": 196
        }
    }
}