{
    "Accuracy": 0.8729524438573316,
    "MCC": 0.11823958424851455,
    "Best Threshold": 0.0,
    "Confusion Matrix": {
        "Actual 0": {
            "Predicted 0": 52719,
            "Predicted 1": 7675
        },
        "Actual 1": {
            "Predicted 0": 19,
            "Predicted 1": 147
        }
    }
}