{
    "Accuracy": 0.9528566710700133,
    "MCC": 0.11057445364343818,
    "Best Threshold": 0.0,
    "Confusion Matrix": {
        "Actual 0": {
            "Predicted 0": 57623,
            "Predicted 1": 2771
        },
        "Actual 1": {
            "Predicted 0": 84,
            "Predicted 1": 82
        }
    }
}