{
    "Accuracy": 0.8830188679245283,
    "MCC": 0.7777033736802192,
    "Confusion Matrix": {
        "Actual 0": {
            "Predicted 0": 105,
            "Predicted 1": 27
        },
        "Actual 1": {
            "Predicted 0": 4,
            "Predicted 1": 129
        }
    }
}