{
    "Accuracy": 0.778513515744976,
    "MCC": 0.09003384409748351,
    "Best Threshold": 0.0,
    "Confusion Matrix": {
        "Actual 0": {
            "Predicted 0": 46990,
            "Predicted 1": 13403
        },
        "Actual 1": {
            "Predicted 0": 10,
            "Predicted 1": 156
        }
    }
}