{
    "Accuracy": 0.614321608040201,
    "MCC": 0.4158856074846676,
    "Confusion Matrix": {
        "Actual 0": {
            "Predicted 0": 295,
            "Predicted 1": 301
        },
        "Actual 1": {
            "Predicted 0": 6,
            "Predicted 1": 194
        }
    }
}