{
    "Accuracy": 0.8241206030150754,
    "MCC": 0.6497216107310457,
    "Confusion Matrix": {
        "Actual 0": {
            "Predicted 0": 465,
            "Predicted 1": 131
        },
        "Actual 1": {
            "Predicted 0": 9,
            "Predicted 1": 191
        }
    }
}