{
    "Accuracy": 0.7097989949748744,
    "MCC": 0.2350933794153158,
    "Confusion Matrix": {
        "Actual 0": {
            "Predicted 0": 478,
            "Predicted 1": 118
        },
        "Actual 1": {
            "Predicted 0": 113,
            "Predicted 1": 87
        }
    }
}