{
    "Accuracy": 0.8375468551330107,
    "MCC": 0.030146213405552562,
    "Best Threshold": 0.343,
    "Confusion Matrix": {
        "Actual 0": {
            "Predicted 0": 50659,
            "Predicted 1": 9734
        },
        "Actual 1": {
            "Predicted 0": 104,
            "Predicted 1": 62
        }
    }
}