{
    "Accuracy": 0.9393814296801466,
    "MCC": 0.14007951551168277,
    "Best Threshold": 0.708,
    "Confusion Matrix": {
        "Actual 0": {
            "Predicted 0": 56771,
            "Predicted 1": 3622
        },
        "Actual 1": {
            "Predicted 0": 49,
            "Predicted 1": 117
        }
    }
}