{
    "Accuracy": 0.8706030150753769,
    "MCC": 0.6491394566691921,
    "Confusion Matrix": {
        "Actual 0": {
            "Predicted 0": 551,
            "Predicted 1": 45
        },
        "Actual 1": {
            "Predicted 0": 58,
            "Predicted 1": 142
        }
    }
}