{
    "Accuracy": 0.8754716981132076,
    "MCC": 0.7544906310585621,
    "Confusion Matrix": {
        "Actual 0": {
            "Predicted 0": 109,
            "Predicted 1": 23
        },
        "Actual 1": {
            "Predicted 0": 10,
            "Predicted 1": 123
        }
    }
}