{
    "Accuracy": 0.8542713567839196,
    "MCC": 0.6772093717358383,
    "Confusion Matrix": {
        "Actual 0": {
            "Predicted 0": 498,
            "Predicted 1": 98
        },
        "Actual 1": {
            "Predicted 0": 18,
            "Predicted 1": 182
        }
    }
}