{
    "Accuracy": 0.9482140485991236,
    "MCC": 0.07471921085121529,
    "Best Threshold": 0.0,
    "Confusion Matrix": {
        "Actual 0": {
            "Predicted 0": 14267,
            "Predicted 1": 754
        },
        "Actual 1": {
            "Predicted 0": 26,
            "Predicted 1": 15
        }
    }
}