{
    "Accuracy": 0.9208604435001991,
    "MCC": 0.11599393672284447,
    "Best Threshold": 0.0,
    "Confusion Matrix": {
        "Actual 0": {
            "Predicted 0": 13842,
            "Predicted 1": 1179
        },
        "Actual 1": {
            "Predicted 0": 13,
            "Predicted 1": 28
        }
    }
}