{
    "Accuracy": 0.8918918918918919,
    "MCC": 0.7942970017139263,
    "Confusion Matrix": {
        "Actual 0": {
            "Predicted 0": 30,
            "Predicted 1": 7
        },
        "Actual 1": {
            "Predicted 0": 1,
            "Predicted 1": 36
        }
    }
}