{
    "Accuracy": 0.8549329438321605,
    "MCC": 0.10426362915145933,
    "Best Threshold": 0.0,
    "Confusion Matrix": {
        "Actual 0": {
            "Predicted 0": 12842,
            "Predicted 1": 2179
        },
        "Actual 1": {
            "Predicted 0": 6,
            "Predicted 1": 35
        }
    }
}