{
    "Accuracy": 0.9479484796175807,
    "MCC": 0.07447318800260957,
    "Best Threshold": 0.0,
    "Confusion Matrix": {
        "Actual 0": {
            "Predicted 0": 14263,
            "Predicted 1": 758
        },
        "Actual 1": {
            "Predicted 0": 26,
            "Predicted 1": 15
        }
    }
}