{
    "Accuracy": 0.7435931483202762,
    "MCC": 0.07970236362621821,
    "Best Threshold": 0.0,
    "Confusion Matrix": {
        "Actual 0": {
            "Predicted 0": 11162,
            "Predicted 1": 3859
        },
        "Actual 1": {
            "Predicted 0": 3,
            "Predicted 1": 38
        }
    }
}