{
    "Accuracy": 0.8036529680365296,
    "MCC": 0.6342851736993544,
    "Confusion Matrix": {
        "Actual 0": {
            "Predicted 0": 122,
            "Predicted 1": 42
        },
        "Actual 1": {
            "Predicted 0": 1,
            "Predicted 1": 54
        }
    }
}