{
    "Accuracy": 0.9077147789138229,
    "MCC": 0.10163274387398519,
    "Best Threshold": 0.0,
    "Confusion Matrix": {
        "Actual 0": {
            "Predicted 0": 13645,
            "Predicted 1": 1376
        },
        "Actual 1": {
            "Predicted 0": 14,
            "Predicted 1": 27
        }
    }
}