{
    "Accuracy": 0.9078475634045944,
    "MCC": 0.10172170007740972,
    "Best Threshold": 0.0,
    "Confusion Matrix": {
        "Actual 0": {
            "Predicted 0": 13647,
            "Predicted 1": 1374
        },
        "Actual 1": {
            "Predicted 0": 14,
            "Predicted 1": 27
        }
    }
}