{
    "Accuracy": 0.8547337670960032,
    "MCC": 0.10417585751111846,
    "Best Threshold": 0.0,
    "Confusion Matrix": {
        "Actual 0": {
            "Predicted 0": 12839,
            "Predicted 1": 2182
        },
        "Actual 1": {
            "Predicted 0": 6,
            "Predicted 1": 35
        }
    }
}