{
    "Accuracy": 0.6164383561643836,
    "MCC": 0.42627320666268304,
    "Confusion Matrix": {
        "Actual 0": {
            "Predicted 0": 81,
            "Predicted 1": 83
        },
        "Actual 1": {
            "Predicted 0": 1,
            "Predicted 1": 54
        }
    }
}