{
    "Accuracy": 0.7432432432432432,
    "MCC": 0.4954336943068623,
    "Confusion Matrix": {
        "Actual 0": {
            "Predicted 0": 24,
            "Predicted 1": 13
        },
        "Actual 1": {
            "Predicted 0": 6,
            "Predicted 1": 31
        }
    }
}