{
    "Accuracy": 0.863013698630137,
    "MCC": 0.650158436384285,
    "Confusion Matrix": {
        "Actual 0": {
            "Predicted 0": 146,
            "Predicted 1": 18
        },
        "Actual 1": {
            "Predicted 0": 12,
            "Predicted 1": 43
        }
    }
}