{
    "Accuracy": 0.730593607305936,
    "MCC": 0.2442053951773538,
    "Confusion Matrix": {
        "Actual 0": {
            "Predicted 0": 139,
            "Predicted 1": 25
        },
        "Actual 1": {
            "Predicted 0": 34,
            "Predicted 1": 21
        }
    }
}