{
    "Accuracy": 0.581081081081081,
    "MCC": 0.1651445647689541,
    "Confusion Matrix": {
        "Actual 0": {
            "Predicted 0": 25,
            "Predicted 1": 12
        },
        "Actual 1": {
            "Predicted 0": 19,
            "Predicted 1": 18
        }
    }
}