{
    "Accuracy": 0.8584474885844748,
    "MCC": 0.609453731387497,
    "Confusion Matrix": {
        "Actual 0": {
            "Predicted 0": 152,
            "Predicted 1": 12
        },
        "Actual 1": {
            "Predicted 0": 19,
            "Predicted 1": 36
        }
    }
}