{
    "Accuracy": 0.8648648648648649,
    "MCC": 0.757936728959867,
    "Confusion Matrix": {
        "Actual 0": {
            "Predicted 0": 27,
            "Predicted 1": 10
        },
        "Actual 1": {
            "Predicted 0": 0,
            "Predicted 1": 37
        }
    }
}