{
    "Accuracy": 0.8447488584474886,
    "MCC": 0.6686456375812586,
    "Confusion Matrix": {
        "Actual 0": {
            "Predicted 0": 134,
            "Predicted 1": 30
        },
        "Actual 1": {
            "Predicted 0": 4,
            "Predicted 1": 51
        }
    }
}